{"item_id": "HOBBIES_1_178", "rmse": 20.730811037587532, "mae": 18.225824804016003, "mape": 61.241080971280105, "smape": 42.62848880142583, "wape": 45.80997257741904, "forecast_accuracy": 54.19002742258096}