{
  "multi_item_mean": {
    "rmse": 12.751420244692385,
    "mae": 10.221938561529882,
    "mape": 50.99764011425625,
    "smape": 35.53516079117753,
    "wape": 35.54805397324738,
    "forecast_accuracy": 64.45194602675262
  },
  "n_items": 25,
  "backtest_mean": {
    "rmse": 26.80304278385912,
    "mae": 21.20272879481589,
    "mape": 3271511619.9382505,
    "smape": 44.59726854504471,
    "wape": 46.92832026050632,
    "forecast_accuracy": 53.071679739493675
  },
  "n_backtest_windows": 5,
  "single_item": {
    "item_id": "HOBBIES_1_178",
    "rmse": 20.730811037587532,
    "mae": 18.225824804016003,
    "mape": 61.241080971280105,
    "smape": 42.62848880142583,
    "wape": 45.80997257741904,
    "forecast_accuracy": 54.19002742258096
  }
}