{
  "naive_mean": {
    "rmse": 18.966817130740584,
    "mae": 16.13,
    "mape": 68.12978357139616,
    "smape": 57.29466964963652,
    "wape": 53.910944881211506,
    "forecast_accuracy": 46.0890551187885
  },
  "naive_n_items": 25,
  "seasonal_mean": {
    "rmse": 16.527237183334165,
    "mae": 13.004285714285716,
    "mape": 51.47177415297141,
    "smape": 46.405322521965665,
    "wape": 43.96153618858563,
    "forecast_accuracy": 56.03846381141437
  },
  "seasonal_n_items": 25
}