{
  "naive_mean": {
    "rmse": 3.3541019662496847,
    "mae": 2.928571428571429,
    "mape": 54.33906237374318,
    "smape": 30.12184992011597,
    "wape": 28.61969111969112,
    "forecast_accuracy": 71.38030888030889
  },
  "naive_n_items": 2,
  "seasonal_mean": {
    "rmse": 3.5,
    "mae": 3.5,
    "mape": 9.487240657262065,
    "smape": 10.485233778581433,
    "wape": 9.45945945945946,
    "forecast_accuracy": 90.54054054054055
  },
  "seasonal_n_items": 2
}